video_id,raw,text
video3,Go go go cek obat ğŸ’ªğŸ’ªğŸ‘ğŸ‘ğŸ‘,go go go cek obat
video3,Siaaap siip p dokter,siaaap sip p dokter
video3,tolong dong donk coba cek dikota saya atau dikampung saya,dong dong coba cek kota atau kampung
video3,"Kalo apotek deket rumah, apotek viva itu juga tidak menjual obat sirup untuk anak dan obat sirup lainnya selama masa pelarangan itu dok. Alhamdulillah, patuh peraturan apoteknya.",kalau apotek dekat rumah apotek viva juga jual obat sirup anak obat sirup lama masa larang dok alhamdulillah patuh atur apotek
video3,saya suka dr Richard lee penerangan nya the best ğŸ‘ğŸ‘ğŸ‘,suka dari richard lee terang nya the best
video3,"Tempat kami masih djual dok,,orang apotik diam sj tnp ad intruksi apapun,,bgi mereka obat sirup mereka terjual..ini kek mn dok.???",tempat masih dijual dok orang apotik diam saja tanpa ada intruksi apa bagi obat sirup jual kayak mana dok
video3,Aneh nggak sih... Padahal obat sirup udah lama bingit loh di konsumsi... Tapi ketika pada kasus ginjal bersamaan.... Kok obat sirup yg di salahkan yach? Kan obat sirup udah lama banget dan kali ini baru kasus. Aneh nggak sih? ğŸ¤·ğŸ¿â€â™‚ï¸ğŸ¤·ğŸ¿â€â™‚ï¸ğŸ¤·ğŸ¿â€â™‚ï¸,aneh sih padahal obat sirup sudah lama banget loh konsumsi ketika kasus ginjal sama kok obat sirup yang salah iya kan obat sirup sudah lama banget kali baru kasus aneh sih
video3,Dok sirup mucos aman ga si buat pereda batuk anak saya umur 2 taun,dok sirup mucos aman enggak sih buat reda batuk anak umur tahun
video3,"Mau tanya dok, obat batuk dgn merek siladex aman tdk ?",mau tanya dok obat batuk dengan merek siladex aman tidak
video3,"Gini kmrn 4hari lalu anak saya sakit perut trz saya bawa ke RS di sana saya dapat resep obat domperidon(periksa tulisan), puyer, sama lactobi nah setelah demperidon habis saya beli ke apotek terdekat dan disana pegawainya bilang ""masih belum boleh pak""
Gua bingung knp di apotek gk boleh tapi kmrn di RS dapet itu
Gimana tanggapannya dok?",gini kemarin hari lalu anak sakit perut terus bawa rs sana dapat resep obat domperidon periksa tulis puyer sama lactobi nah demperidon habis beli apotek dekat sana pegawai bilang belum pak aku bingung kenapa apotek enggak tapi kemarin rs dapat bagaimana tanggap dok
video3,Ternyata walau status nya dokter yg sudah sangat terkenal Dr Richard masih mau di ajak foto bahkan bukan sekali dua kali foto nya tapi Dr Richard pun masih ngajak Selfi. Salud buat dr Richard ğŸ‘ğŸ‘ğŸ‘,nyata status nya dokter yang sangat kenal dari richard mau ajak foto bahkan bukan sekali kali foto nya dari richard masih mengajak selfi salud buat dari richard
video3,"Ujung"" nya itu yg GK enak di denger mesti ke dokter mani mani itu lah",ujung nya yang enggak enak dengar mesti dokter mani mani lah
video3,Dok anak sy konsumsi serebrovort vitamin itu aman g y,dok anak aku konsumsi serebrovort vitamin aman enggak iya
video3,Salut sama farmasi,salut sama farmasi
video3,Mantap dok,mantap dok
video3,sebenernya udah telat banget harus ada korban dulu baru gerak padahal sebelumya di beberapa negara udah stop dan kita baru mulai,sebenarnya sudah terlambat banget ada korban dulu baru gerak padahal sebelumya beberapa negara sudah henti kita baru mulai
video3,ayo...kita laporkan pidana saja para penjual dan produsen obat batuk yg menyebabkan korban meninggal...!!! krn kelalaian yg menyebabkan meninggal  dunia adalah perbuatan Pidana!!!!!,ayo lapor pidana para jual produsen obat batuk yang korban tinggal karena lalai yang tinggal dunia buat pidana
video3,walapun pakai masker pun  masih bnyak yg mengenaliny,walapun pakai masker masih banyak yang mengenaliny
video3,Dok coba claridem astringent di review???,dok coba claridem astringent review
video3,"kemarin sibuk bacotin pemerintah soal stop penjualan obat dan seakan lbh mikirin kerugian pengusaha(krn dia bahas soal demi nyawa itu belakangan,lebih dikit,lbh bnyk  bacot bhs soal pemerintah dan pengusahanya)skrng liat noh trnyata apa yg dilakukan pemerintah udh tepat...ditemukan kandungan zat berbahaya dlm obat dan dpr meminta agar kepala bpom dipecat,eh dia malah bacotin seakan lebih mentingin kerugian yg dialami perusahaan obat dibanding nyawa anak2,dsr cina ....mikirnya untung rugi mulu diotaknya...kemudian bpom pun juga punya keterbatasan,bpom itu ga bisa selalu meriksa obat,yg harus diperiksa dan diawasi bpom itu ada ratusan ribu jenis obat dan makanan,bahkan mungkin lebih,sedangkan petugas bpom itu cuma sedikit,laboratorium juga punya keterbatasan...sdm terbatas,alat juga terbatas,kalian mikir sampai kesitu ga?kaga,krn kalian org2 t0l0l....",kemarin sibuk bacoti perintah soal henti jual obat lebih memikirkan rugi usaha karena bahas soal nyawa belakang lebih dikit lebih banyak banyak bicara bahasa soal perintah usaha sekarang lihat noh ternyata apa yang laku perintah sudah tepat temu kandung zat bahaya dalam obat dpr meminta kepala bpom pecat eh bahkan bacoti akan lebih mentingin rugi yang alami usaha obat banding nyawa anak dasar cina mikirnya untung rugi melulu otak kemudian bpom punya batas bpom enggak selalu meriksa obat yang periksa awas bpom ada ratus ribu jenis obat makan bahkan mungkin lebih sedang tugas bpom cuma sedikit laboratorium punya batas sdm batas alat juga batas kalian mikir kesitu enggak kagak karena kalian orang terlalu
video3,"Kalau di Alf mart, kinderjoy dari india malah di sale 4rb pdahal udh dilarang",kalau alf mart kinderjoy india bahkan sale ribu padahal sudah larang
video3,"Dok,review skincare bivina beauty dok",dok review skincare bivina beauty dok
video3,Dok gimana kalau anak konidin sirup  sebab kalau puyer gak mau ğŸ™,dok bagaimana kalau anak konidin sirup kalau puyer enggak mau
video3,Oia dok mw tanya apakah tolak angin anak cair boleh dikonsumsi?,oia dok mau tanya tolak angin anak cair konsumsi
video3,Kalau minimarket dan warung gak bisa disalahkan sepenuhnya sih. Terlebih karyawannya kan bukan latar belakang apoteker. Stok juga dari pusat.,kalau minimarket warung enggak salah sepenuh sih lebih karyawannya kan bukan latar belakang apoteker stok dari pusat
video3,Laporkan dok jgn hanya di reviw aja tolong dok...semoga alloh memberi hidayah kpd engkau,lapor dok jangan di reviw saja dok semoga allah beri hidayah kepada engkau
video3,Alfamart Udah klarifikasi blmğŸ¤­ğŸ¤­,alfamart sudah klarifikasi belum
video3,"Kontennya keren dok.. d kota saya walaupun trlihat jejer d lemari etalasenya, pnjaganya t2p bilang g'ada, g'djual gitu dok. Insyaallah mmg patuh pd anjuran pemerintah dok..",konten keren dok di kota walaupun terlihat jejer di lemari etalase pnjaganya tapi bilang enggak enggak dijual begitu dok insyaallah memang patuh pada anjur perintah dok
video3,aduhhh dokterrr masya allah ramah bangett ğŸ˜˜ğŸ˜˜ğŸ˜˜ğŸ˜˜ğŸ˜˜ sukses sllu dokter,aduh dokterrr masya allah ramah banget sukses selalu dokter
video3,"Kemarin beli obh combi anak, sudah boleh dijual. Ternyata ada logo halal dan bebas alkohol beserta turunannya.",kemarin beli obh combi anak boleh jual nyata logo halal bebas alkohol turun
video3,"kalau komik diwarung"" masih dijual bebas dok itukan cair juga",kalau komik warung jual bebas dok cair
video3,alhasil sekarang para emakÂ² kalo anak Â² sakit bingung mo kasih obat apa ???,alhasil sekarang emak kalau anak sakit bingung mau kasih obat apa
video3,"Segara instruksikan penarikan obatnya, kasihan sudah bisa menjaga untuk tidak menjual!",segara instruksi tari obat kasihan bisa jaga tidak jual
video3,Yang aneh  dok? kenapa baru sekarang obat itu penyebab gagal ginjal! Sedang produksi obat itu sudah puluhan tahun???,aneh dok baru sekarang obat sebab gagal ginjal sedang produksi obat sudah puluh tahun
video3,ke mitana dok. ada,mitana dok
video3,Di tempatku apotek minimarket masih jualğŸ˜­ğŸ˜­ğŸ˜­,tempat apotek minimarket jual
video3,DOK KALAU OBAT PENURUN PANAS PACDIN COUGH APAKAH BERBAHAYA DOK TOLONG DI INFOKAN SOALNYA ANAK SAYA SAKIT SEKARANG?,dok kalau obat turun panas pacdin cough bahaya dok di informasi soal anak sakit sekarang
video3,Njir Gw barusan Beli KOMIX FLU DAN BATUK,anjir aku barusan beli komix flu batuk
video3,Parah judulnya. Klik bait ternyata. Kirain beneran ada yg jual obat sirup yg dilarang. Ckckck,parah judul klik bait nyata mengira benaran yang jual obat sirup yang larang ckckck
video3,"Dokter, sanmol paracetamol itu bagus ya obatnya",dokter sanmol paracetamol bagus obat
video3,blusukan terbaekkk,blusukan terbaekkk
video3,Sya juga taunya dokter kosmetik... kalo lagi ghibah ama tetangga,aku tahu dokter kosmetik kalau ghibah sama tetangga
video3,"Emmm, .....ttp bingung anak zaman 2000 dlo sakti2 x ya kgk nap2 minum sirup anak2... Anak zaman skg kurang sehat daya tubuhnya...
......
Pantau teruss semagat trsss",emmm tetap bingung anak zaman dlo sakti kali kgk nap minum sirup anak anak zaman sekarang kurang sehat daya tubuh pantau terus semagat trsss
video3,Stimuno anak dok??? Aman gak???,stimuno anak dok aman enggak
video3,Kuakeane ncen angel anak loro wae rekoso ndadak ndokter ke larang cok !!!!,kuakeane ncen angel anak loro wae rekoso ndadak ndokter larang cok
video3,"Coba review obat isotretinoin dok , apakah bahaya apa enggk",coba review obat isotretinoin dok bahaya apa enggk
video3,Alhamdulillah sehat selalu dok....dan tambah sukses.....,alhamdulillah sehat selalu dok tambah sukses
video3,Dok..mau nanya..kalo imboost kids aman gk..soal nya anak saya d sarankan minum imbost..krna rentan sakit,dok mau bertanya kalau imboost kids aman enggak soal nya anak di saran minum imbost karena rentan sakit
video3,"SUSU KAMBING ETAWA ORGANIK
*MEMBERSIHKAN PARU-PARU
* Cari Agen Tiap Kabupaten
* IJIN BPOM & MUI
*Modal Kecil Profit Besar",susu kambing etawa organik bersih paru paru cari agen tiap kabupaten ijin bpom mui modal kecil profit besar
video3,"Buat para netizen yang anaknya sedang batuk batuk, saya sarankan beli Balsem minyak telon anak. Murah meriah. Lumayan buat meredakan.",buat netizen anak sedang batuk batuk saran beli balsem minyak ton anak murah riah lumayan buat reda
video3,kontennya diPALEMBANG ya dokğŸ¤­,konten dipalembang dok
video3,Terimakasih dok atas informasinya.,terimakasih dok atas informasi
video3,"Serba salah ya dok,dikasih Syrup anak2 kena ginjal akut(katanya menteri negeri wakanda),dikasih puyer bisa mencret.Kasih tablet lebih parah lagi.",serba salah dok kasih syrup anak kena ginjal akut kata menteri negeri wakanda kasih puyer mencret kasih tablet lebih parah
video3,"Dari pertama sy gk percaya ,masa bisa kecolongan padahl selalu di cek bpom.",pertama aku enggak percaya masa colong padahal selalu cek bpom
video3,"MANTAPPP ,kalau bener gegara tuh sirup diskusi t3rbuka dong dok sama babeh aldo KALAU EMANG BENER gegara tuh sirup",mantap kalau benar gegara itu sirup diskusi trbuka dong dok sama babeh aldo kalau memang benar gegara itu sirup
video3,"Aduh dokter mana anak saya kemarin sebelum ada larangan minum termorex semoga tidak apa""",aduh dokter mana anak kemarin ada larang minum termorex semoga apa
video3,"Aneh obat berbahaya kok bisa lolos dari BPOM dari dulu, BPOM selama ini makan gaji buta berarti.",aneh obat bahaya kok lolos bpom dulu bpom lama makan gaji buta arti
video3,"Detektif Lee,, awesome ğŸ‘ğŸ‘ğŸ‘ğŸ‘ğŸ˜ŠğŸ˜‰",detektif lee awesome
video3,"Dok, boleh dong ditambah i ulasan tentang gagal ginjal itu sendiri apa mnrt dokter , apa sakit yg tiba2 datang hanya krna sekali minum obat atau bagaimana? Biar semua nitijen lebih komplit memahami tntng penyakit gagal ginjal ini",dok dong tambah i ulas gagal ginjal sendiri apa mnrt dokter apa sakit yang tiba datang karena sekali minum obat bagaimana biar semua nitijen lebih komplit paham tntng sakit gagal ginjal
video3,"Harusnya produsen dan KETUA BPOM.. Ditangkap.. Produsen produksi 
BPOM mengizinkan beredar",produsen ketua bpom tangkap produsen produksi bpom izin edar
video3,"15:59 ga nyentuh, sayang istri ğŸ˜",enggak nyentuh sayang istri
video3,dulu yang di larang kosmetik mengandung Mercury sekarang obat sirup menyebabkan gagal ginjal besok besok ada apa lagi_,dulu di larang kosmetik kandung mercury sekarang obat sirup gagal ginjal besok besok apa
video3,"Gagal ginjal itu mungkin di sebabkan obat di konsumsi berlebihan atw permanen tpi klo udah berhenti demam plu pilek berhenti minum obat,buat apa dokter banyak di Indonesia tpi baru nyadar sekarang kenapa ngga dari dulu dulu sebelum obat itu beredar di pasaran apotik banyak,ada apa dengan penomena ini.",gagal ginjal mungkin sebab obat konsumsi lebih atau permanen tapi kalo sudah henti demam plu pilek henti minum obat buat apa dokter banyak indonesia tapi baru menyadar sekarang enggak dulu dulu obat edar pasar apotik banyak apa penomena
video3,"Pdhl dr dulu annku pakai babycok
Kenapa baru sekarng di auditnya kalau sudah ada gejala dr luar..la keman tuh bag BPOM nya ngapain aja....kalau sekrang sudah beredar dimana mana...baru di tarik...
Kayak gak ada gunanya tuh BPOM",padahal dari dulu annku pakai babycok baru sekarang audit kalau gejala dari luar lah keman itu bag bpom nya mengapai saja kalau sekarang edar mana mana baru tarik kayak enggak ada guna itu bpom
video3,Dicimahi ada dok ada,dicimahi dok
video3,"Izin tanya,kalo konsultasi lewat WhatsApp itu gratis apa berbayar dok",izin tanya kalau konsultasi lewat whatsapp gratis apa bayar dok
video3,"itu poduksi kapan yang gaboleh di konsumsi, ?, kalo beli nya sebelum heboh masalah ini gimana ?",poduksi kapan gaboleh konsumsi kalau beli nya heboh masalah bagaimana
video3,"Dr Richard emg keren pokoknya lah.. salut sama dokterğŸ¤©ğŸ‘udh tjakep, ramah, low profile.. GBU ğŸ™",dari richard memang keren pokok lah salut sama dokter sudah tjakep ramah kalau profile gbu
video3,Begini..pemerintah dan kepolisian harusnya cepat turun tangan mengusut tuntas memang harus ada yang bertanggung jawab diheret ke meja pengadilan. terutama BPOM. sebenarnya kejadian ini kejadian luar biasa yang korbanya sudah puluhan anak nyawa melayang.kejadian luar biasa ini di ğŸ‡®ğŸ‡© dianggap biasa saja krena trtutupi kasus sambo. ibu ibu korban harusnya bisa membuat tuntutan langsung ke pemerintah,begini perintah polisi cepat turun tangan usut tuntas memang ada tanggung jawab diheret meja adil utama bpom benar jadi jadi luar biasa korbanya puluh anak nyawa layang jadi luar biasa di anggap biasa karena trtutupi kasus sambo ibu ibu korban bisa buat tuntut langsung perintah
video3,BPOM ngasih status BPOM ke produk lalu di klaim berbahaya trus produk update kemasan dpt BPOM lagi wkwkwk emang bngsd semua mah cuan,bpom mengasih status bpom produk lalu klaim bahaya terus produk update kemas dapat bpom wkwkwk memang bngsd semua mah cuan
video3,"Maaf dok, saya mau tanya, knp obat sirup baru d larang skrng, padahal kiata sudah memakainya bertahun tahun lalu, dan kita mengkonsumsinya pun krn resep dokter dan anjuran dokter.. knp ya dok br skrng d larang..? Dan dmn peran BPOM bertahun tahun lalu..?",maaf dok mau tanya kenapa obat sirup baru di larang sekarang padahal kiata maka tahun tahun lalu kita konsumsi karena resep dokter anjur dokter kenapa dok baru sekarang di larang dimana peran bpom tahun tahun lalu
video3,"Komix, Vic, untuk dewasa juga ditarik berarti dok",komix vic dewasa tarik arti dok
video3,Lah dokter gak nyamar. Kemungkinan mereka tau itu dokterğŸ˜­ gw aja paham betul suara dokter..,lah dokter enggak nyamar mungkin tahu dokter aku saja paham betul suara dokter
video3,Judul lo yg parah,judul kamu yang parah
video3,Sehat selalu dok,sehat selalu dok
video3,dok...sya mau tanya.anak sya batuk2 sya bingung mau di kasih obat apa ya dok..yg aman & tdk ada efek samping....kya di brita (gagal gnjal)..sya ksih bahan2 alami msh aja batuk..bngung sya dok... dan ksian anak nya batuk trus.anak sya umur 7thn,dok aku mau tanya anak aku batuk aku bingung mau kasih obat apa dok yang aman tidak efek samping kaya berita gagal gnjal aku kasih bahan alami masih saja batuk bingung aku dok ksi anak nya batuk terus anak aku umur tahun
video3,"Tp kl beli lwt online shop bs dokter gk ada larangan nya soalnya aq udh coba dok kmrn pesen obat batuk pilek sirup dextral udh terkirim k rmh pdhl udh ada larangan dr apotek dan itu yg jual jg dr apotek 
Emng orang indonesia itu lucu kita beli d apotek lgsng gk d ksh tp kl lwt online shop d layani pdhl sama2 apotek yg jualan ğŸ˜‚ğŸ˜‚",tapi kalo beli lewat online shop bisa dokter enggak larang nya soal aku sudah coba dok kemarin sen obat batuk pilek sirup dextral sudah kirim ke rumah padahal sudah larang dari apotek yang jual juga dari apotek memang orang indonesia itu lucu beli di apotek lgsng enggak di kasih tapi kalo lewat online shop di layan padahal sama apotek yang jual
video3,Kok kayak apotik dijambi y,kok kayak apotik dijambi iya
video3,Mf dok.. Menurut grub sebelah katanya anak 4bln  5bln tp terkena gagal ginjal pdhl blm mkn apapun cm asi saja. Kemungkinan bkn krn sirub bs jd dr mainan bayi theter.. Krn d toko online bxk bgt mainan bayi harganya murah meriah.. Spt gk wajar. Cz dr bayi klo abz imunisasi d kasi paracet gk knpa2,maaf dok turut grub belah kata anak bulan bulan tapi kena gagal ginjal padahal belum makin apa cuma asi mungkin bukan karena sirub bisa jadi dari main bayi theter karena di toko online bxk banget main bayi harga murah riah seperti enggak wajar karena dari bayi kalo abz imunisasi di kasih paracet enggak kenapa
video3,Kemarin bilang sirup india aj yg bermasalah..nyatany opo,kemarin bilang sirup india saja yang masalah nyatany opo
video3,"Dok, di berita kan obat Fomepizole itu dikasih ke 10 pasien, yang 7 nya itu membaik. Padahal obatnya buat penawar keracunan etilen glikol. Jadi bener ga kasus ini gara"" etilen glikol ?",dok berita kan obat fomepizole kasih pasien nya baik padahal obat buat tawar racun etilen glikol jadi benar enggak kasus gara etilen glikol
video3,"BAHAS DUKUN AJA.
KAN DOKTER DUKUN.",bahas dukun saja kan dokter dukun
video3,"Halo dokter Richard,review skincare animate dong dokğŸ™",halo dokter richard review skincare animate dong dok
video3,Gunakan momen ini buat pentingnya edukasi bahaya kosmetik yg mengandung zat berbahaya. KP,momen buat penting edukasi bahaya kosmetik yang kandung zat bahaya kp
video3,dokter boyke junior ğŸ˜,dokter boyke junior
video3,Saya heran dok kok bisa Obat yg berbahaya begitu bisa lolos uji pengawas dari BPOM? Sama seperti kasus Dokter msalah skincare .Ini sangat berbahaya jika Pengawasnya sendiri bermasalah.saya harap BPOM juga di periksa mengapa  bisa terjadi hal begini lagi,heran dok kok obat yang bahaya bisa lolos uji awas bpom sama kasus dokter masalah skincare sangat bahaya awas sendiri masalah harap bpom di periksa bisa jadi begini
video3,"minum obat traditional dulu saja seperti air jahe, sereh, kunyit, asam.",minum obat traditional dulu seperti air jahe sereh kunyit asam
video3,pakai topi dok,pakai topi dok
video3,"""Ciren ya dengan saya"", fix orang Palembang ğŸ˜‚",ciren dengan fix orang palembang
video3,Dok selidikin skincare SR beauty care dong,dok selidikin skincare sr beauty care dong
video3,Apotik di daerah Bogor kampung masih pada jual obat sirup,apotik daerah bogor kampung pada jual obat sirup
video3,"Efek politik balas jasa.. menempatkan orang yg bukan AHLI dibidangnya..
Seharusnya Hal seperti inilah yg dilakukan menkes.. konpers memberikan Edukasi yg Rasional,, supaya masyrakat  ga panik..",efek politik balas jasa tempat orang yang bukan ahli bidang hal ini yang laku menkes konpers beri edukasi yang rasional masyrakat enggak panik
video3,Sbnernya ya ga ada bagus2nya. Masa apotek jualan racun.,sbnernya enggak bagus masa apotek jual racun
video3,Dr ramah banget,dari ramah banget
video3,Kalo obh anak gmn ya?,kalau obh anak bagaimana
video3,jangan jangan karna vaksin kali itu dok.....siapa tau kan ada sesuatu divaksin imunisasi nya obat vaksin jg dicek aturan ........bukan obat turun panas aja,jangan jangan karena vaksin kali dok siapa tahu kan sesuatu vaksin imunisasi nya obat vaksin juga cek atur bukan obat turun panas saja
video3,Sehat Ya Dok. Terimakasih Selalu Memberi Informasi Yang Mengedukasi,sehat dok terimakasih selalu beri informasi edukasi
video3,Boleh gk dok minum donperidon sirup? Anak saya muntah terus dok,enggak dok minum donperidon sirup anak muntah terus dok
video3,Ini keliling nyo di Palembang yo dokter? Bhsa nyo cak bhs Palembang,keliling nya palembang iya dokter bhsa nya cak bahasa palembang
video3,Bagai mana dengan sirup laserin jamu dok apakah berbahaya juga krn sekang sy kasi munum anak sy????,bagai mana sirup laserin jamu dok bahaya karena sekang aku kasih munum anak aku
video3,"Anak saya sakit  demam,batuk,pilek,sakit mata.tpi saya sudah bawa ke puskesmas.blum ada perubahan dokter.tpi saya binggung biasa anak saya sakit saya beli obat sirup selalu cocok.tpi skarang ne anak saya sakit masih bsa nyusu buang air kecil lancar. Apa solusi bagus dokter Lee....",anak sakit demam batuk pilek sakit mata tapi sudah bawa puskesmas belum ubah dokter tapi binggung biasa anak sakit beli obat sirup selalu cocok tapi sekarang ini anak sakit bisa nyusu buang air kecil lancar apa solusi bagus dokter lee
video3,"Dokter kan pasti tahu obat paracetamol sirup sudah dipakai dari jaman bahula kenapa baru sekarang trending? Apa gunanya bpom? Apa bpom tidak mengecek obatnya safety atau tidak, kalo seperti ini kasihan toko ataupun apotek yang menjual, siapa yang melindungi orang kecil jangan seenaknya omg dilarang saja harusnya dari ujung sudah dilarang. Wkwkwkwk ğŸ¤£ğŸ¤£ğŸ¤£",dokter kan tahu obat paracetamol sirup pakai jaman bahula baru sekarang trend apa bpom apa bpom ecek obat safety tidak kalau ini kasihan toko apotek jual siapa lindung orang kecil jangan enak omg larang harus ujung larang wkwkwkwk
video3,Berarti komix ga boleh ya?,arti komix enggak iya
video3,"dok. isunya termorex sekarang diizinin BPOM lagi, gimana dong?",dok isu termorex sekarang diizinin bpom bagaimana dong
video3,Asyik foto-foto,asyik foto foto
video3,Minyak kayu putih 50 ribu???ğŸ¤”,minyak kayu putih ribu
video3,nebus kamu bisa ğŸ¤­ğŸ¤£ğŸ¤£ğŸ¤£ ANJAYYYYY ğŸ™ˆğŸ™ˆğŸ™ˆğŸ™ˆ,nebus kamu anjayyyyy
video3,"Dokk ,ini ada produk skincare namanya HEMERA produk nya aman gk dok dari merkuri??",dokk ada produk skincare nama hemera produk nya aman enggak dok merkuri
video3,Dari dlu kalo mau pusing tinggal minum komix 5-8,dulu kalau mau pusing tinggal minum komix
video3,Kmaren kmaren kemana,kemarin kemarin mana
video3,"Untuk vitamin scott emullsion anak boleh di minum dan di konsumsi ga dok?yg rasa jeruk..
Anak saya,konsumsi itu dok untuk penambah nafsu makan",vitamin scott emullsion anak di minum di konsumsi enggak dok yang rasa jeruk anak konsumsi dok tambah nafsu makan
video3,Like ğŸ‘,like
video3,Ngakak mlh diajak foto sm pegawai alfa mart nya ğŸ˜…ğŸ˜…,mengakak malah ajak foto sama pegawai alfa mart nya
video3,Semoga yg meliat komentar ini kalian selalu Dalam Lindungan Allah Swt dan di Murahkan Rezekinya dan semoga sukses terus aminnğŸ¤²ğŸ»ğŸŒºğŸ’•ğŸ’™,semoga yang lihat komentar kalian selalu lindung allah swt di murah rezeki semoga sukses terus amin
video3,"Dok review odbo Toner essence  tolong, terlanjur beli, murah tapi banyak isinyaa",dok review odbo toner essence lanjur beli murah banyak isinyaa
video3,"Maaf dok apakah ini memang sistem perdagangan atau bisnis negara yg harus menyusahkan rakyat terlebih dahulu dan membuat rakyat takut dulu,dan setelah di takutÂ² kan dengan obatÂ² yg sehariÂ² mereka minum baru di datangkan obat nya dari Singapura, menurut saya sihhh ini settingan yg memang pada ujung nya mereka mau berbisnis,dan prediksi saya benar banget tidak meleset,saya sudah menduga emang bakal begini ujung nya,buat panik dengan penyakit habis itu datangkan obat dari luaarrrr",maaf dok memang sistem dagang bisnis negara yang susah rakyat lebih buat rakyat takut dulu telah takut kan obat yang hari minum baru datang obat nya singapura turut sih ini settingan yang memang ujung nya mau bisnis dan prediksi benar banget meleset sudah duga memang bakal begini ujung nya buat panik sakit habis datang obat luaarrrr
video3,"Kemaren ke apotik coba beli di apotik obat batuk pilek anak di kasi hufagrip.
Kata nya boleh yg di cabut unibebi",kemarin apotik coba beli apotik obat batuk pilek anak kasih hufagrip kata nya yang pergi unibebi
video3,Dok kalau laserin syrop bagaimana?,dok kalau laserin syrop bagaimana
video3,Sehat selalu Dok ğŸ˜ŠğŸ™,sehat selalu dok
video3,"Maaf nih dok..hanya saran saja baiknya dianalisa jga faktor lain..karna baru2 ini jga ditemukan kasus gagal ginjal tapi korban TIDAK pernah konsumsi obat sirup..alahkah bijaknya apabila dokter jga memberikan solutif yg bijak dari berbagai variabel..mungkin bisa dari makanan/minuman, pola hidup, dll..karna itu tidak menutup kemungkinan jga jadi faktor penyebab di samping penggunaan obat yg salah..termsuk peresepan kortikosteroid seperti dexamethasone kepada anak yg seharusnya dihindari karna akan menyebabkan gangguan ginjal..dan faktanya masih sangat banyak dokter2 yg meresepkan kortikosteroid ini..

Hanya masukan semoga bermanfaat..think smart and wiseğŸ˜Š tks",maaf ini dok saran baik dianalisa juga faktor karena baru juga temu kasus gagal ginjal korban pernah konsumsi obat sirup alahkah bijak apabila dokter juga beri solutif yang bijak bagai variabel mungkin dari makan minum pola hidup karena tidak tutup mungkin juga jadi faktor di samping obat yang salah termsuk resep kortikosteroid dexamethasone anak yang hindar karena sebab ganggu ginjal fakta sangat banyak dokter yang resep kortikosteroid hanya masuk semoga manfaat think smart and wise terima kasih
video3,"Pantesan tadi ke apotik beli obat batuk OBH sirup ga boleh lagi stop, ternyata bahaya. Dokter richard obat batuk yg ampuh apa?
biasanya pake obh bisa sembuh",pantesan tadi apotik beli obat batuk obh sirup enggak lagi henti nyata bahaya dokter richard obat batuk yang ampuh apa biasa pakai obh sembuh
video3,"Dok, kok bisa kelolosan BPOM yak kl obat2 an tsb mengandung bahan2 beresiko untuk ginjal anak2. Ribut2 nya krn udh kejadian kek gini ya dok.",dok kok lolos bpom iya kalo obat an tersebut kandung bahan resiko ginjal anak ribut nya karena sudah jadi kayak gini dok
video3,Dokk ko alfamart nya ms pke plastik,dokk kok alfamart nya masih pakai plastik
video3,"Aneh, sblm ijin edar kan uji sampel dulu. Kok bisa lolos. Kemana BPOM?",aneh sebelum ijin edar kan uji sampel dulu kok lolos mana bpom
video3,"Baru aja beberapa episode yg lalu bahas BPOM, ehh skrg malah kejadian obat yg sudah bertahun2 beredar dan berizin BPOM ternyata malah terdapat zat2 yang berbahaya untuk tubuh.",baru saja beberapa episode yang lalu bahas bpom eh sekarang bahkan jadi obat yang tahun edar izin bpom nyata bahkan zat bahaya tubuh
video3,"Alhamdulillah... Maka nya saya dari kecil. Ga tau ya, karena memang saya punya pemikiran takut sama obatÂ² kimia, sama takut dosis berlebihan ngebuat rusak organ tubuh saya. Jadi saya hampir ga pernah minum obatÂ² dari kecil sampe SMA. Jadi sakit apapun bodrexin, apapun sakitnya tapi anehnya sembuh. Mamak ku aja sampe bingung udah gede masih bodrexin aja. Nah sampe pernah sakit parah 3 hari kalo ga salah pas SMA. Itu baru pertama kali minum bodrex buat org dewasa itu pun cuma setengah. Karena tadi aku takut dosisnya. Dan sekarang pas udah kerja. Sempat demam berat juga kemarin jadi karena tanggung jawab kerja jadi mau ga mau harus minum obat resep dari dokter biar bisa sembuh dan lanjut kerja besoknya. Itu sih pengalaman ku.
Karena dulu pas sma aku sempat di ajarin sama guru ipa disekolah katanya obat itu dosisnya awal nya cuma satu, terus selanjutnya ketika sakit lagi, di minum lah seperti biasa satu. Eh kok kayak ga mempan, minum lah dua baru bereffect. Pas sakitnya ngulang lagi. Minum dua ga mempan. Akhirnya minum lah tiga. Seterusnya gitu. Padahal kata ibu guruku waktu itu. Minum aja satu. Pas sakit selanjutnya ga mempan satu lagi. Ga usah di terusin jadi minum dua, jgn. Tapi tunggu aja reaksi nya mungkin lebih lambat. Hingga besok minum satu lagi. Itu cara aman kata bu guru ku agar ga ketergantungan dengan obat. 
Nama ibu guru ku Bu ica, dari SMA N 1 BABAT TOMAN",alhamdulillah nya kecil enggak tahu memang punya pikir takut sama obat kimia sama takut dosis lebih ngebuat rusak organ tubuh jadi hampir enggak pernah minum obat kecil sampai sama jadi sakit apa bodrexin apa sakit aneh sembuh mamak ku saja sampai bingung sudah gede bodrexin saja nah sampai pernah sakit parah hari kalau enggak salah pas sama baru pertama kali minum bodrex buat orang dewasa pun cuma tengah tadi aku takut dosis sekarang pas sudah kerja sempat demam berat kemarin jadi tanggung jawab kerja jadi mau enggak mau minum obat resep dokter biar sembuh lanjut kerja besok sih alam ku karena dulu pas sama aku sempat ajarkan sama guru ipa seko kata obat dosis awal nya cuma satu terus lanjut sakit minum lah biasa satu eh kok kayak enggak mempan minum lah baru bereffect pas sakit ngulang minum enggak mempan akhir minum lah tiga terus begitu padahal kata ibu guru waktu minum saja satu pas sakit lanjut enggak mempan satu enggak perlu di terusin jadi minum jangan tunggu saja reaksi nya mungkin lebih lambat hingga besok minum satu itu cara aman kata bu guru ku enggak gantung obat nama ibu guru ku bu ica dari sama dan babat toman
video3,Dok cek lab skincare WSC organik dok,dok cek lab skincare wsc organik dok
video3,"Dokter ğŸ˜ğŸ˜ğŸ˜ğŸ˜Masya Allah
Humble sekali, sukses selalu dokter
Terimakasih selalu mengedukasiğŸ¥°ğŸ¥°ğŸ¥°",dokter masya allah humble sekali sukses selalu dokter terimakasih selalu edukasi
video3,Pokoknya salut sihh sama apoteker dan tenaga kefarmasian diseluruh indonesia yang kompak dan patuh sama instruksi pemerintah... salut juga sama tenaga kesehatan lain semoga selalu bersinergisğŸ‘ğŸ’ª,pokok salut sih sama apoteker tenaga farmasi seluruh indonesia kompak patuh sama instruksi perintah salut sama tenaga sehat semoga selalu sinergis
video3,"Dok, klo OBH mmng saya dr dlu gk cocok krn berdebar lgsg stl mnum. Saya pakex herbakof. Kmrn barengan belikan anak sirup bapil gk boleh ama apotekerx. Ada kndungn berbahaya. Baikx tablet aja. Tp klo utk yg dewasa kyk herbakof yg mmng dr awal saya cocok bgt bgus bgt efekx dn tnpa efek smping, kta apotekerx aman aja gpp dibeli dn diknsmsi. Tp ampe skrg blom tak minum si dok.. Coba di cek kan dok mnta tlong.. Herbakof dan sirup sakatonik aktif penambah darah aman gk dok?",dok kalo obh mmng dari dulu enggak cocok karena debar langsung stl mnum pakex herbakof kemarin bareng belikan anak sirup bapil enggak sama apotekerx kndungn bahaya baikx tablet saja tapi kalo untuk yang dewasa kayak herbakof yang mmng dari awal cocok banget bagus banget efekx dan tanpa efek smping kita apotekerx aman saja enggak apa-apa beli dan diknsmsi tapi sampai sekarang belum tidak minum sih dok coba cek kan dok minta tlong herbakof sirup sakatonik aktif tambah darah aman enggak dok
video3,Sehat teruus dok.. semoga istri jg selalu sehat.. biar bisa terus selalu mengedukasi kita semua,sehat teruus dok semoga istri juga selalu sehat biar terus selalu edukasi semua
video3,"Dok... ternyata bukan cm obat tp kandungan SORBYTOL jg ada di madu vitamin anak, coba dong.. dicek ulang dok...",dok nyata bukan cuma obat tapi kandung sorbytol juga di madu vitamin anak coba dong cek ulang dok
video3,Keren videonya.. buat kek gini lagi dok ğŸ˜,keren video buat kayak gini dok
video3,"Suara dokter Richard tuh khas banget, biarpun wajahnya gk keliatan, tapi suaranya pasti dikenal orang...udah jadi selebriti repot juga ya, privasinya jadi berkurang...Semangat & sukses  terus ya dok buat mengedukasi masyarakat...ğŸ‘ğŸ‘ğŸ¥°ğŸ¥°",suara dokter richard itu khas banget biarpun wajah enggak lihat suara kenal orang sudah jadi selebriti repot privasi jadi kurang semangat sukses terus iya dok buat edukasi masyarakat
video3,Tebus kamu gak bisa ?ğŸ¤£ğŸ¤£ğŸ¤£ğŸ¤£ Anjaaaaayyyy,tebus kamu enggak anjaaaaayyyy
video3,"Bpom kmn aja selama ini, anak gw sudah 6 tahun dan pernah pakai obat sirup kok baru skrg di cekğŸ¤”.. rasanya aneh aja.",bpom kemana saja lama anak aku tahun pernah pakai obat sirup kok baru sekarang cek rasa aneh saja
video3,Mantappp,mantap
video3,Mantappppp,mantappppp
video3,Didaerahnya saya masih byk yg jual pak .katanya sudah di tarik''kan produknya ğŸ™,daerah masih banyak yang jual pak kata di tarik kan produk
video3,ramah bgt dok,ramah banget dok
video3,"makin demen sama nih dokter keren banget mau ngecek yang begini2
salah satu Pahlawan Indonesia nih",makin suka sama ini dokter keren banget mau mengecek begini salah satu pahlawan indonesia ini
video3,"dear dokter .... saya farmasis..kapasitas kita utuk menyikapi masalah tentang obat pandanganna pasti berbedaa tp jangan kayak orang awam juga dok, dokter itu orng medis kami pu rang medis. jadi tolong jangan memperkeruh suasana dibidang farmasi.. seluruh masyaakan teah terdoktrin tentang informasi ini, ada sebagian kecil dan sangat ecil masih mau menggunakan, tugas kita di elayanana apa? edukasi yaitu memberikan edukasi tentang apa yang terjadi, edukasi penggnaan obat.. sedangkan kalian para dokter hnya menuliskan resep pasien mium, gak sebuh kedkter lagi pasien mnum dst kerja ginja juga makin ekstra apa kalia bisa menganalisa itu karena kesalahan kalia juga? sedangkan kita diapangan tidak hanya memberikan tetapi mengedukasi bagaimana cara mngedukasi?pasti dkter tau sendiri...  terimakasih",dear dokter farmasis kapasitas utuk sikap masalah obat pandanganna berbedaa tapi jangan kayak orang awam dok dokter orang medis punya rang medis jadi jangan keruh suasana bidang farmasi seluruh masyaakan teah doktrin informasi ada kecil sangat ecil mau tugas di elayanana apa edukasi beri edukasi apa jadi edukasi penggnaan obat sedang kalian dokter hanya tulis resep pasien mium enggak sebuh kedkter pasien mnum kerja ginja makin ekstra apa kalia menganalisa karena salah kalia sedang diapangan hanya beri edukasi bagaimana cara mngedukasi dkter tahu sendiri terimakasih
video3,"Gokil, btw udah berapa lama nih obat beredar? Kok lolos bpom? ğŸ¤­ğŸ¤«ğŸ˜œ",gila ngomong-ngomong sudah berapa lama ini obat edar kok lolos bpom
video3,"Seru nih ""dr boyke""...blusukan...semoga jadi menkes RI suatu saat nanti dah..ğŸ‘",seru ini dari boyke blusukan semoga jadi menkes ri suatu nanti deh
video3,"Apakah para dokter tidak merasa ikut bertanggungjawab untuk menuntut tanggung jawab produsen dan regulator yg terlibat ? padahal dokter tidak bisa berbuat apa apa tanpa obat,...",para dokter rasa ikut bertanggungjawab tuntut tanggung jawab produsen regulator yang libat padahal dokter bisa buat apa apa obat
video3,DOKTER ANAK SAYA MINUM SCOTT EMULSION SETIAP HARI.. APA SCOTT EMULSION TERMASUK DOK??,dokter anak minum scott emulsion tiap hari apa scott emulsion masuk dok
video3,Ini baru edukasi ğŸ‘ğŸ‘ŒğŸ‘Œ,baru edukasi
video3,"Dok apakah tidak ada indikasi dari vaksin??
Ibu menyusui juga jangan dianggap sepele dok..Tolongmungkin dokter bisa buka para korban yg di tulis di bawah 5 th apakah ada yg berumur 4-5 th... Yg Saya tahu umur 7 bulan 11 bulan 2 tahun.
Bahkan ada yg tidak meminum. Parasetamol.... Parasetamol sudah ada sejak puluhan tahun. Yg jelas baru adalah vaksin covid...jangan yg diteliti obat sirup saja. Di data dong tolong di release yg jelas umur berapa saja. Apakah ada indikasi kaitan dengan vaksin?pemerintah harus melihat karena ini menyangkut anak2 kita...",dok indikasi vaksin ibu susu jangan anggap sepele dok tolongmungkin dokter buka korban yang tulis bawah tahu yang umur tahu yang tahu umur bulan bulan tahun bahkan yang tidak minum parasetamol parasetamol ada sejak puluh tahun yang jelas baru vaksin covid jangan yang teliti obat sirup di data dong di release yang jelas umur berapa apakah ada indikasi kait vaksin perintah lihat ini sangkut anak
video3,boleh pakai hemohim atomy ga dok buat jaga imun,pakai hemohim atomy enggak dok buat jaga imun
video3,Mantul dokter beneran dibahasâ¤ konten edukasi nih,mantul dokter benaran bahas konten edukasi ini
video3,Dok minta tolong dok review h&h skincare,dok meminta dok review h h skincare
video3,"Di kota saya jg sampe apotek2 kecil  pada gak jual dok, Alhamdulillah",kota juga sampai apotek kecil enggak jual dok alhamdulillah
video3,Dok review h&h skincare dong dok plisssss,dok review h h skincare dong dok plisssss
video3,Saya kok mikirnya justru ibu2 yang hamil pake cream2 abal2 ..dan pengaruh ke bayi..karna barusan ada berita sebelumny gk minum obat sirop gagal ginjal juga,kok mikirnya justru ibu hamil pakai cream abal pengaruh bayi karena barusan berita sebelumny enggak minum obat sirop gagal ginjal
video3,doc. ada indikasi ke vaksin tidak doc,doc indikasi vaksin doc
video3,Aku kaget minimarketnya masih pakai kantong plastik,aku kaget minimarket pakai kantong plastik
video3,"Dok bpom udah release daftar obat aman dr yg 102 kemarin, kasih tanggapannya lagi dong",dok bpom sudah release daftar obat aman dari yang kemarin kasih tanggap dong
video3,Dok kalau ga ada Termorex ganti Termos-es saja lah...,dok kalau enggak termorex ganti termos es lah
video3,"Sebenarnya udah males bahas yg blunders :v saya inget yg video kemarin tuh kata dokter obat herbal g bs ngobatin karna apa2 butuh obat sbg pemulihan biar cpt sembuh, nah itu td diawal video udah promosi obat Gatot Kaca obat kuat XD itu komposisinya udah ada herbal lho, ada ginseng dll. Obat herbal jaman sekarang mah udah diproses dg teknologi, jd bs dijadikan obat atau bhkn pengganti obat kimia jika memang kondisi tubuh lebih cocok, lebih menerima dg obat2an kandungan herbal drpd yg kimia, ada juga yg mana kondisi tubuh butuh obat dr dokter yg pasti lebih manjur sprti obat yg dosisnya bs disesuaikan dg kondisi pasien jika obat yg diberikan dokter sblmnya tdk mempan atau msih berlanjut gejalanya/tdk berkurang gejalanya. Kalau dokter zaman dulu bilangnya obat kimia itu sbnrnya g bs mengatasi akar penyebab penyakit itu hilang/sembuh, hanya mengurangi gejala saja. Misal penyakit kanker otak dikasi obat pereda nyeri, tdk menyembuhkan kankernya. Beda dg obat herbal, bekerja smpe ke akar penyebab penyakitnya. Kekuatan alam g bs dibanding bandingke dg kekuatan manusia. Kekuatan alam memberikan kesembuhan scra alami sebagaimana manusia jg berasal dr alam. Sprti halnya td dokter bilang kalau penyakit ringan g ush diobati, ckp jaga imun saja. Jaga imun kn butuh asupan herbal jg sprti makan sayur buah2an  madu susu dll.",benar sudah malas bahas yang blunders v ingat yang video kemarin itu kata dokter obat herbal enggak bisa ngobatin karena apa butuh obat sebagai pulih biar cepat sembuh nah tadi awal video sudah promosi obat gagal total kaca obat kuat xd komposisi sudah herbal lho ginseng obat herbal jaman sekarang mah sudah proses dengan teknologi jadi bisa jadi obat bahkan ganti obat kimia memang kondisi tubuh lebih cocok lebih terima dengan obat kandung herbal daripada yang kimia juga yang mana kondisi tubuh butuh obat dari dokter yang lebih manjur seperti obat yang dosis bisa sesuai dengan kondisi pasien obat yang beri dokter sebelumnya tidak mempan masih lanjut gejala tidak kurang gejala kalau dokter zaman dulu bilang obat kimia sbnrnya enggak bisa atas akar sakit hilang sembuh kurang gejala misal sakit kanker otak kasih obat reda nyeri tidak sembuh kanker beda dengan obat herbal kerja sampai akar sakit kuat alam enggak bisa banding bandingke dengan kuat manusia kuat alam beri sembuh secara alami bagaimana manusia juga asal dari alam seperti tadi dokter bilang kalau sakit ringan enggak usah obat cukup jaga imun jaga imun kan butuh asupan herbal juga seperti makan sayur buah madu susu
video3,"Sama,di Majenang-Cilacap,tadi saya ke apotek mau beli LASERIN kagak di kasih",sama majenang cilacap tadi ke apotek mau beli laserin tidak kasih
video3,"Dok saya pernah meminum obat obh combi herbal, apakah itu mengandung zat yang berbahaya ga ya?",dok pernah minum obat obh combi herbal itu kandung zat bahaya enggak
video3,"Dok tolak angin gmna dok, saya sering minum tolak angin dok klo abis pukng malem. Aduh jadi suges",dok tolak angin bagaimana dok sering minum tolak angin dok kalo habis pukng malam aduh jadi suges
video3,"Sya beli obat penurun demam anak yg Syrup  d apotik masih d jual,,ini laranganx berlaku pertanggal brp yaa? Sya kemarin beli tgl 15/10",aku beli obat turun demam anak yang syrup di apotik di jual laranganx laku tanggal berapa iya aku kemarin beli tanggal
video3,"Dok jangan dirimu yang survey, uda terkenal n khas bgt suaramu dok, suruh pegaweimu aja dok",dok jangan diri survey sudah kenal dan khas banget suara dok suruh pegaweimu saja dok
video3,"Dok, tolong sekalian telusuri produsen obatnya. Kalau di browse google juga ada 2 bramd yg mirip loh",dok sekali telusur produsen obat kalau browse google ada bramd yang mirip loh
video3,Produc hufa / hufagrib tidak mengandung DEG/EG,produc hufa hufagrib kandung deg eg
video3,online  shopping masih bebas dok bisa di beli..,online shopping bebas dok di beli
video3,Mantap dok ğŸ‘,mantap dok
video3,"MaasyaAllah.... Taunya Dr Richard Lee, krn kasus sama Katika putri.. Liat Dr Richard di minta photo bareng mbak mbak alfmrt aap indomqrt itu ya... Dr humble bgt. MaasyaAllah, sehat sllu Dr.. Info nya membantu sekaliii...",maasyaallah tahu dari richard lee karena kasus sama katika putri lihat dari richard meminta photo bareng mbak mbak alfmrt aap indomqrt iya dari humble banget maasyaallah sehat selalu dari informasi nya bantu sekaliii
video3,"Kata Mak gwe,,
Setelah Baim,, nanti ada LESLAR juga ke Andara ğŸ˜€",kata ibu gwe baim ada leslar ke andara
video3,Teruskan memberi petunjuk kemasyarakat dr Richard,terus beri tunjuk masyarakat dari richard
video3,Logika aku nih ya. Mengapa br ketahuan skrng. Trs bpom emang ga meriksa. Klo mau pd gagal ginjal mh dr dlu x. Itu yg aneh bgt termorex dr dlu aq klo skit panas diksih itu sama ortu. Knp bisa2nya itu bisa jdi dr obat. Knp g bisa jd dr makanan atau apa gitu. Itu klo ga trbukti wah bgt buat pt2 yg bkin obat2 itu. Udh trcmar nama pt nya,logika aku ini mengapa baru tahu sekarang terus bpom memang enggak meriksa kalo mau pada gagal ginjal mah dari dulu kali yang aneh banget termorex dari dulu aku kalo sakit panas diksih sama orang tua kenapa jadi dari obat kenapa enggak jadi dari makan apa begitu kalo enggak terbukti wah banget buat pt yang bikin obat itu sudah trcmar nama pt nya
video3,Dok... Kl.anak saya dikasih madu curcuma boleh ga? Terima kasih sblmnya dokterğŸ˜Š,dok kalo anak kasih madu curcuma enggak terima kasih sebelumnya dokter
video3,"Assalamualikum.bu ibu.bila anak kecil demam cukup ambil (daun kelor, bawang merah satu siung, dan asam jawa.aduk jadi satu.lalu + air sedikit saja.)adukk sampai rata.setelah itu balur pada anak yang sedang demam.dengan ijin Allah.insa Allah demam anak turun.semoga bermanfaat.wr.wb.",assalamualikum bu ibu bila anak kecil demam cukup ambil daun kelor bawang merah satu siung asam jawa aduk jadi satu lalu air sedikit adukk rata itu balur anak sedang demam ijin allah insa allah demam anak turun semoga manfaat wr wb
video3,"Mau nanyak dok, ini yg salah siapa badan pom apa pabrik obat nya, klo obat yg sudah di jual d apotik atau di pasaran itu kan udah lolos uji coba bpom, ko masih ad kasus obat penyebab gagal ginjal, apa waktu d uji cuman botol y aja, kacau",mau nanyak dok yang salah siapa badan pom apa pabrik obat nya kalo obat yang di jual di apotik di pasar kan sudah lolos uji coba bpom kok ada kasus obat gagal ginjal apa waktu di uji Cuma botol iya saja kacau
video3,Terus bongkar para penjual'' nakal dr.richad...demi keselamatan anak bangsa..ğŸ™ğŸ™,terus bongkar jual nakal dari richad selamat anak bangsa
video3,"Mereka takut dok dijaman sosmed yg bebas sekarang, kalau dia jual, terus ank tersebut menderita sakit ginjal pasti yg dituntut mereka.. bukan pabrik atau bpomnya yg gagal dlm mengawasi obat trsbt..",takut dok jam sosmed yang bebas sekarang kalau jual terus anak sebut derita sakit ginjal yang tuntut bukan pabrik bpomnya yang gagal dalam awas obat trsbt
video3,Sudah dirilis daftar obat yg mengandung cemaran hanya uni Bebi... Dok,rilis daftar obat yang kandung cemar uni bebi dok
video3,"dr.apa semua obat berbentuk sirup berbahaya soalnya aq udh ccok sama obat lambung yg sirup kya milanta cair,sucralfate dll kl yg tablet g ccok ttep mualğŸ˜¥ğŸ˜¢ğŸ˜­",dari apa semua obat bentuk sirup bahaya soal aku sudah cocok sama obat lambung yang sirup kaya milanta cair sucralfate kalo yang tablet enggak cocok tetap mual
video3,Dokter ada ada aja nih lagi ntn Ama anak2 juga sebel,dokter ada saja ini menonton sama anak sebel
video3,"Makasih, Dokter utk infonya. Emang, sih sempet bertanya2 juga. Dr dulu kok aman2 aja, kok baru skrg nongolnya? Andai emang karena zat berbahaya, BPOM kok bs ngelulusin? Jd bertanya2 juga, nih sama BPOM. Takut konsumsi barang2 meski ada no.BPOM-nya takut aja selip kayak gini",terima kasih dokter untuk informasi memang sih sempat tanya dari dulu kok aman saja kok baru sekarang nongol andai memang zat bahaya bpom kok bisa ngelulusin jadi tanya ini sama bpom takut konsumsi barang meski nomor bpom nya takut saja selip kayak gini
video3,Lha gitu dong dok...ngsih ilmu LBH manfaat dari PD urus artis yg g jelas kmrnğŸ˜‚,lah begitu dong dok ngsih ilmu lebih manfaat pada urus artis yang enggak jelas kemarin
video3,tolak angin gimana itu kan sirup juga ?,tolak angin bagaimana kan sirup
video3,"Cara jd mitra kopi gatot kaca gimana dok? 
Yg lain ada yg bisa jelasin",cara jadi mitra kopi gagal total kaca bagaimana dok yang ada yang jelasin
video3,"Mantap dok, kalau sirup Marjan boleh nggak,maaf dok cuma bercanda.",mantap dok kalau sirup marjan enggak maaf dok cuma canda
video3,"salut sama apotek2 itu
IMO, negara laen gak heboh karena mereka yakin sama hasil penelitian mereka pas ngeluarin ijin edar
sementara di wakanda diban semua sirupnya karena cari aman dan butuh waktu buat neliti, karena pas ngeluarin ijin gak diteliti ğŸ¤£",salut sama apotek imo negara lain enggak heboh yakin sama hasil teliti mereka pas mengeluarkan ijin edar di wakanda ban semua sirup cari aman butuh waktu buat neliti pas mengeluarkan ijin enggak teliti
video3,Apa vitamin syrup buat anak juga perlu diwaspadai? ğŸ˜¶,apa vitamin syrup buat anak perlu waspada
video3,"2 hari kemarin anak saya flu batuk dan demam, saya coba pakai jeruk madu untuk di minum serta kompres air hangat tambah balur bawang merah, karena takut berita tsb. Setelah 2hari flu batuk belum reda malah tambah berat akhirnya saya beli obat sirup huf49rip yang biasa suka saya pakai kalo anak flu batuk demam. Alhamdulillah sehari batuk dan flu nya reda dan demam ilang. Saya beli gk ke apotek he he  beli di toko kelontong",hari kemarin anak flu batuk demam coba pakai jeruk madu minum kompres air hangat tambah balur bawang merah takut berita tersebut hari flu batuk reda bahkan tambah berat akhir beli obat sirup hufrip biasa suka pakai kalau anak flu batuk demam alhamdulillah hari batuk flu nya reda demam hilang beli enggak apotek he he beli di toko kelontong
video3,Tolak angin masuk gak sih?,tolak angin masuk enggak sih
video3,beliau adalah 1 dari segelintir orang yang otaknya masih sehat dan tidak korslet.. wkwkkwwkkkkk,beliau dari gelintir orang otak sehat tidak korslet wkwkkwwkkkkk
video3,"Dok riview nowa beauty dong 
Nowa ya dok bukan nova",dok riview nowa beauty dong nowa dok bukan nova
video3,Apoteker kompetenğŸ‘,apoteker kompeten
video3,Harusnya jgn dokter lgsg yg beli dok suruh crew nya yg beli,jangan dokter langsung yang beli dok suruh crew nya yang beli
video3,"Dok kolaborasi dong dok sama babeh Aldo,",dok kolaborasi dong dok sama babeh aldo
video3,Dr Saya pernah pake produk skin care setelah pake 2 /3 kali pori2 saya kelihatan bgt dulu nya tdk ada â€¦ dan merasa kasar juga seperti ada jerawat di kulit betis Saya .. apakah itu karna produk yg Saya pake don.. ğŸ™ğŸ»ğŸ™ğŸ»ğŸ™ğŸ»ğŸ™ğŸ»,dari pernah pakai produk skin care pakai kali pori lihat banget dulu nya tidak dan rasa kasar seperti jerawat kulit betis apakah karena produk yang pakai don
video3,Waduh itu karyawan *******. Jangan sampe dpecat karyawannya gr2 video ini. Good video doc,waduh karyawan jangan sampai dpecat karyawannya gede rasa video bagus video doc
video3,"dokter biar wajahnya ditutup masker, pasti org apoteker maupun karyawan apotek tau lg, dok. apalagi suara khas dokter. ğŸ˜ lha dokter ke alfamart malah dimintai foto selfi.",dokter biar wajah tutup masker orang apoteker maupun karyawan apotek tahu lagi dok suara khas dokter lah dokter alfamart bahkan meminta foto selfi
video3,"kaga sia-sia sy subcreat canel pak dokter ini...setiap ada kontek baru sy lihat teruss dan Alhamdulilah pak dokter ini bisa ngasih saran yg terbaik
maju teruss pak dokter semoga kebaikan pak dokter di bales sMa Allah swt..AamiinnğŸ¤²ğŸ™ğŸ™",kagak sia sia aku subcreat canel pak dokter tiap kontek baru aku lihat terus alhamdulilah pak dokter bisa mengasih saran yang baik maju terus pak dokter semoga baik pak dokter balas sama allah swt aamiinn
video3,"Stlh nonton video ini sy jd mengerti knp saat periksain kucingku yg kena flu dokter cm ksih resep obat flu yg berbentuk tablet pdhl yg sudah2 dikasih resep obat yg berbentuk sirup, sy ngotot minta yg sirup katanya gk ada, jd bingung nanti cara ngasih ke kucing klu bentuk tabletğŸ˜±",setelah menonton video aku jadi erti kenapa periksain kucing yang kena flu dokter cuma kasih resep obat flu yang bentuk tablet padahal yang kasih resep obat yang bentuk sirup aku ngotot meminta yang sirup kata enggak jadi bingung cara mengasih kucing kalau bentuk tablet
video3,"Fiks!
1.perang dagang obat
2.menutupi dosa vaksin covid yg lalu.

Bpom,kemenkes,IDI adalah lembaga terbobrok penuh dosa disamping epidemiolog dicky budiman.",fiks perang dagang obat tutup dosa vaksin covid yang lalu bpom kemenkes idi lembaga bobrok penuh dosa samping epidemiolog dicky budiman
video3,Kan ada logo BPOM'nya jd apa gunanya karyawan BPOM' makan gaji buta,kan logo bpom nya jadi apa karyawan bpom makan gaji buta
video3,"Wah dokter turun gunung mantap, d tunggu konten nyari pemilik dompet yg jatohnya dok...",wah dokter turun gunung mantap di tunggu konten mencari milik dompet yang jatohnya dok
video3,Kasian mas mas alfamartnya pengen juga foto barengan tapi malah disuruh fotoin ğŸ¥²,kasih mas mas alfamartnya ken foto bareng bahkan suruh memfoto
video3,"tugasny bpom apa ya?,kok jarang disorot sm media",tugasny bpom apa kok jarang sorot sama media
video3,Hari ini ke apotik.coba beli obat buat bapil anak.emang anak2 lagi bapil sekarang.yg sirup g ada semua.minta yg tablet g d kasih juga.harus pakai resep dokter.akhirnya ya ke dokter dpt obat puyer dr dokter.bayarnya lebih mahal dr biasanya beli obat apotik.hehehe,hari ke apotik coba beli obat buat bapil anak memang anak bapil sekarang yang sirup enggak semua meminta yang tablet enggak di kasih harus pakai resep dokter akhir ke dokter dapat obat puyer dari dokter bayar lebih mahal dari biasa beli obat apotik hehehe
video3,"Dok untuk produk2nya dokter belinya di online shop ada ga???Saya kena gatal atau eksim soalnya... Lumayan lama, sudah sekitar 7bln. Mohon dibalas... Terimakasih",dok produk dokter beli online shop enggak kena gatal eksim soal lumayan lama sekitar bulan mohon balas terimakasih
video3,sidak dukun dung dok.. pura2 jadi pasen..,inspeksi mendadak dukun dong dok pura jadi pasen
video3,Wah dokter harus nyobak d pedesaan nih ada yg jual tpi bukan apotik hehehe...toko klontong d pedesaan.,wah dokter nyobak di desa ini yang jual tapi bukan apotik hehehe toko klontong di desa
video3,Niat banget pengorbanan dokter Richard sampe harus buang buang uang buat nyari terus bayar tukang parkir :((,niat banget korban dokter richard sampai buang buang uang buat mencari terus bayar tukang parkir
video3,"Dok bantu jawab dong kalo imboost kids sirup terkena cemaran itu juga Dok,?
Tolong bantu d jawab dok
Terimakasih, sehat selalu Dok",dok bantu jawab dong kalau imboost kids sirup kena cemar juga dok bantu di jawab dok terimakasih sehat selalu dok
video3,Dokter lain mah mana ada yg berani menerangkan kan,dokter mah mana yang berani terang kan
video3,"Kompak, pada Pinter",kompak pintar
video3,anak saya 2 hari yang lalu konsul ke dokter karena batuk pilek demam dan radang amandel di berikan resep ibu profen proris dok masih belum ada yang ditarik untuk obat sirup di medan,anak hari lalu konsultasi dokter batuk pilek demam radang amandel ikan resep ibu profen proris dok belum yang tarik obat sirup medan
video3,Dokter apa ayoo.. Jawab aja dokter skinkerğŸ¤£ğŸ¤£,dokter apa ayo jawab saja dokter skinker
video3,Tpi klo lewat online kaya nya masih ada yang jual obat sirup ğŸ˜,tapi kalo lewat online kayak nya ada jual obat sirup
video3,Sukralos. Pemanis alami beda lagih satu lagih ciklamat.,sukralos man alami beda lagih satu lagih ciklamat
video3,"Disini d tempat saya masih d jual bebas obat syrup n parahnya lagi dokter disini masih ada yg ksih obat sirup, n tetangga saya tanya sama apotekernya, kan dia tau kalau ada berita2 ini, tp apotekernya bilang amaaan, paraaah, mngkin mereka gk mau rugi",sini di tempat di jual bebas obat syrup dan parah dokter sini masih yang kasih obat sirup dan tetangga tanya sama apoteker kan tahu kalau ada berita tapi apoteker bilang amaaan parah mungkin enggak mau rugi
video3,"EG dan DEG
___________
- EG adalah Civic untuk pasar Jepang (JDM)
  Contoh : Civic EG6 alias Civic Estilo",eg deg eg civic pasar jepang jdm contoh civic eg alias civic estilo
video3,Dok kalau vitamin gmana dok.. misal minyak ikan giti dok,dok kalau vitamin bagaimana dok misal minyak ikan begitu dok
video3,"Kementrian kesehatan akan mendatangkan obat gagal ginjal akut dari Singapura yang harga nya mahall banget,, gak habis thinking saya",tri sehat datang obat gagal ginjal akut singapura harga nya mahal banget enggak habis thinking
video3,kenapa bisa keluar izin nya itu obat. dan kenapa baru sekarang geger nya. apakah obat obat tersebut baru akhir akhir ini beredarnya atau sudah dari dulu?,bisa keluar izin nya obat kenapa baru sekarang geger nya obat obat sebut baru akhir akhir edar sudah dulu
video3,Di shopi msh bs ga ya? ğŸ˜,shopi masih bisa enggak
video3,"saya usul.ke.presiden pak jokowi ,pecat saja menteri kesehatan nya,wong jadi menteri kesehatan bukan ornk kesehatan nya tue",usul presiden pak jokowi pecat menteri sehat nya wong jadi menteri sehat bukan ornk sehat nya tue
video3,Dokter Boyke ğŸ¤£ğŸ¤£ğŸ¤£,dokter boyke
video3,"Syuka aku loh sm dokter richard, ga sombong orgnya..",syuka aku loh sama dokter richard enggak sombong orgnya
video3,Suka konten sidak gini dok. â˜º seru dok,suka konten inspeksi mendadak gini dok seru dok
video3,Pntesan dtmptku di stop jualan syrup,pntesan dtmptku henti jual syrup
video3,"Seneng banget sama model konten yang ini dok,, terusin dokk",neng banget sama model konten ini dok terusin dokk
video3,Kalau LASERIN gimana? TREMENZA Syrup..amankah??,kalau laserin bagaimana tremenza syrup aman
video3,"inilah Indonesia tunggu ada banyak korban baru ada tindakan, gimana sih proses dilegalkan ini obat?",indonesia tunggu banyak korban baru tindak bagaimana sih proses legal obat
video3,"Maaf dok agak mlenceng, ada nggak cream atau obat yang buat menghilangkan bulu kumis secara permanen, terima kasihğŸ™ğŸ™",maaf dok mlenceng enggak cream obat buat hilang bulu kumis cara permanen terima kasih
video3,Sehat selalu ya dokter......semoga dokter semangkin sukses.....selalu mengedukasi masyarakat indonesia...,sehat selalu dokter semoga dokter semangkin sukses selalu edukasi masyarakat indonesia
video3,"Kalo sirplus gk boleh, harusnya marjan atau sirup abc juga gk boleh dong itu ada pemanisnya loh",kalau sirplus enggak harus marjan sirup abc enggak dong ada man loh
video3,alhamdulllah masyarakat indonesia sudah mulai care jika Ada kabar atau berita buruk dalam kehidupanya....ini juga berkat Dr.richad juga lo...terimaksih dokter telah meng edukasi kamiğŸ‘,alhamdulllah masyarakat indonesia mulai care ada kabar berita buruk kehidupanya berkat dari richad juga kamu terima kasih dokter meng edukasi
video3,padahal aq batuk lebih manjur pake sirup ketimbang tablet.,padahal aku batuk lebih manjur pakai sirup ketimbang tablet
video3,Apakah kandungan EG Dan DEG hanya ada dalam pemanis sirup demam?? Kalau di sirup multivitamin ??,kandung eg deg ada man sirup demam kalau sirup multivitamin
video3,"Dok.....mau tanya dong/mohon penjelasa .berdasarkan cerita keluarga korban, anak sudah sakit sblm konsumsi sirup bahkan ada yg bkn dlm bentuk sediaan sirup. Barulah sakit gagal ginjal stlh perawatan. Artinya bukankah sakitnya sudah ada sblm ginjal bermasalah",dok mau tanya dong mohon jasa dasar cerita keluarga korban anak sakit sebelum konsumsi sirup bahkan yang bukan dalam bentuk sedia sirup baru sakit gagal ginjal setelah awat arti bukankah sakit ada sebelum ginjal masalah
video3,Undang orang BPOM dok...,undang orang bpom dok
video3,Dokter maap mau tanya klu tolak angin cair boleh tidak and aman gak terima kasih,dokter maaf mau tanya kalau tolak angin cair tidak and aman enggak terima kasih
video3,"Dok,,, tolong Review obat PIMTRAKOL dong, karna dari 2 kontennya dokter nama obat ini gx d sebutkan apakah bahaya atau tidak???,anak Saya cocoknya obat pimtrakol dari kecil",dok review obat pimtrakol dong karena konten dokter nama obat enggak di sebut bahaya tidak anak cocok obat pimtrakol kecil
video3,Dok kalo vitamin syrup bahaya gk?,dok kalau vitamin syrup bahaya enggak
video3,"Aduh ibu2 baju pink itu dg lantangnya blg dokter sy msh boleh ksih sanmol sirup. Sayangin anaknya bu,  jgn sampai ada kejadian baru nyesal dan percaya, kita hrus bersyukur dan ikut aturan  dokter dan pemerintah, niat mereka juga kn baik, semoga anak kita aman, lah ibu malah blg sanmol syrup msh blh, lbh baik mencegah bu. Mf ya hnya saran.",aduh ibu baju pink dengan lantang bilang dokter aku masih kasih sanmol sirup sayangin anak bu jangan ada jadi baru nyesal percaya harus syukur ikut atur dokter perintah niat juga kan baik semoga anak aman lah ibu bahkan bilang sanmol syrup masih boleh lebih baik cegah bu maaf hanya saran
video3,"nah ini baru dokter richard lee,pemberani dan tangguh mengedukasi. bukan acara buka2 aib.jauh2vdari konten buka2 aib ya dokter kami muak dgn konten2 seperti itu",nah baru dokter richard lee berani tangguh edukasi bukan acara buka aib jauhvdari konten buka aib dokter muak dengan konten itu
video3,"Saran, OBAT BATUK herbal, ada yg kasih tau buat Balita, adalah bunga belimbing wulu, di rebus lalu diam kan hingga dingin berikan pada anak, sambil kasih minyak tawon/salep(krim) yg untuk menghangat kan tenggorokan pada leher anak.!",saran obat batuk herbal yang kasih tahu buat balita bunga belimbing wulu rebus lalu diam kan hingga dingin ikan anak kasih minyak tawon salep kirim yang hangat kan tenggorok leher anak
video3,Actifed gmana,actifed bagaimana
video3,"Salud sama dokter yang selalu menjadi terang buat kami yang gelap dan tidak tau apa""â˜º terus kan dok.. biar terang benderang...ğŸ’•ğŸ’•ğŸ’• makasih dokter yang baik edukasinyağŸ’•ğŸ’•ğŸ’•ğŸ’•ğŸ™ğŸ™ğŸ™ğŸ™ğŸ™",salud sama dokter selalu jadi terang buat gelap tidak tahu apa terus kan dok biar terang benderang terima kasih dokter yang baik edukasi
video3,dr.Richard baik bngeeetğŸ˜‡,dari richard baik bngeeet
video3,"Besok ngikut dr Ricard ah....klo ke market...
Nebus kamu dapet...?
ğŸ¤£ğŸ¤£ğŸ¤£ğŸ¤£",besok ikut dari ricard ah kalo market nebus kamu dapat
video3,Jajann anak anak bnyak yg pake pemanis buatan. Apa mungkin karna itu? Kan mereka tiap hari jajan,jajann anak anak banyak yang pakai man buat apa mungkin karena kan tiap hari jajan
video3,Terus fungsinya ada BPOM dan depkes buat apa...??? Kalau produk yg beredar aja msh kecolongan,terus fungsi bpom depkes buat apa kalau produk yang edar saja masih colong
video3,"Nice, dok!",bagus dok
video3,"saya ke apotik mau beli obat batuk cair, tidak dilayani, dok. disarankan obat batuk yang pil.",ke apotik mau beli obat batuk cair layan dok saran obat batuk pil
video3,"Astagaaaaaaa ,ngeri loh dok",astagaaaaaaa seram loh dok
video3,"Ya dok,hahhaha",dok hahhaha
video3,Apakah termasuk obat syrop untuk dewasa dilarang jual?,masuk obat syrop dewasa larang jual
video3,Bukan nya obat sirup udah ada dr dulu ya... Tp kasusnya baru baru ini,bukan nya obat sirup sudah dari dulu tapi kasus baru baru
video3,dokter sdh pake masker masih bisa di kenaliğŸ˜… lupa namanya ingat nya dokter skincare ğŸ˜…,dokter sudah pakai masker bisa kenal lupa nama ingat nya dokter skincare
video3,Kalo borexin tablet boleh ga ya dok,kalau borexin tablet enggak dok
video3,"Sebagai konsumen saja mikir koq tifak disebut batch productnya, tak mungkin seluruh jenis akan terkontaminasi. Dikata dokter koq tak jelas",bagai konsumen mikir kok tifak sebut batch productnya tidak mungkin seluruh jenis kontaminasi kata dokter kok tidak jelas
video3,dokter yang sangat menjaga perasaan masyarakat dengan kebenarnnya....tuh team kemenkes apa semua dokter ya. pada bingung orang orang kementrian asal bikin himbauan....WKKWKWKK....,dokter sangat jaga asa masyarakat kebenarnnya itu team kemenkes apa semua dokter pada bingung orang orang tri asal bikin himbauan wkkwkwkk
video3,"Dikhawatirkan aparat aji mumpung ngejebak, mending ngga dijual.",khawatir aparat aji selagi ngejebak lebih baik enggak jual
video3,Di cek dong vaksin jenis MRNA yg mengandung adenovirus yg punya sel reseptor di ginjal dan itu jadi vaksin booster,cek dong vaksin jenis mrna yang kandung adenovirus yang punya sel reseptor ginjal itu jadi vaksin booster
video3,gimana dengan anak saya yg lagi terapi obat depakene..klo distop tidak minum bisa lebih beresiko..sementara anak saya udh cocok dengan depakene..,bagaimana anak yang terapi obat depakene kalo henti minum lebih resiko anak sudah cocok depakene
video3,"Bikin Pusing dn panik semua orang Tua ketika Anaknya sedang sakit demam,Flu dn Batuk.. Lantas solusi terbaik y apa Donk Obat y??buat masyarakat Miskin ini...? salam Dr Wong Cirebon dn sukses slalu buat para dokter Richard ğŸ‘âœï¸ğŸ’ªğŸ’ğŸ™",bikin pusing dan panik semua orang tua anak sedang sakit demam flu dan batuk lantas solusi baik iya apa dong obat iya buat masyarakat miskin salam dari wong cirebon dan sukses selalu buat dokter richard
video3,"Menurut dokter,, obat sirup apa yg aman di minum anak"" Saat ini dok,",turut dokter obat sirup apa yang aman minum anak ini dok
video3,Haha bisa bae dokter,tertawa bae dokter
video3,Fungsi BPOM kmna oiii Badan pengawas obat mkanan...cm mkan gaji buta sj mreka bubarkan sj gak ada gunanya Bpom,fungsi bpom kmna oiii badan awas obat mkanan cuma mkan gaji buta saja mereka bubar saja enggak guna bpom
video3,yg pernah liat channel dr ricard pasti buru2 bilang gk ada wkwkwkw harusnya jgn dr ricard yg beli yg beli orang lain aja,yang pernah lihat channel dari ricard buru bilang enggak wkwkwkw jangan dari ricard yang beli yang beli orang saja
video3,"Kenapa baru sekarang pemberitahuannya, sdangkan merek obat itu udh lama beredar di apotik.. Sdh jutaan org yg konsumsi.. Gak ada kerjaan ni kemenkes dan bpom.",baru sekarang pemberitahuannya sdangkan merek obat sudah lama edar apotik sudah juta orang yang konsumsi enggak kerja nih kemenkes bpom
video3,"Di daerah Sya aja msh bnyk  dok msh Di jual Di apotek Di indomart Dan Di warung"" gmn ini..?",daerah aku saja masih banyak dok masih jual apotek indomart di warung bagaimana
video3,"Di tempatku, yang dekat rumah juga masih jual. Di toko yang lumayan besar. Cek lokasi kemarin dan pagi ini.",tempat dekat rumah masih jual toko lumayan besar cek lokasi kemarin pagi
video3,Barusan sy bli diapotik kuto palembang sy bilang gak mau yg sirup yg tablet aja dia malah ngmg gpp yg ini yg dilarang cuma blaa blaaa blaaa malah diceramahinn,barusan aku beli apotik kuto palembang aku bilang enggak mau yang sirup yang tablet saja bahkan mengomong enggak apa-apa yang yang larang cuma blaa blaaa blaaa bahkan diceramahinn
video3,Mau dong kopinya gimba crnya pembeliannya dr,mau dong kopi gimba crnya beli dari
video3,"Mau diapain lagi sih rakyat indonesia ini,  mau diracun yh...?, kalo sudah byk yg mati.....ada rencana apa lgi yah...? Apa ada sesuatu akan terjadi seperti pandemi kemarin...?? seperti nya pemerintah setengah setengah menangani masalah ini,",mau diapakan sih rakyat indonesia mau racun iya kalau banyak yang mati rencana apa lagi iya apa sesuatu jadi pandemi kemarin nya perintah tengah tengah tangan masalah
video3,yg bingungnya kalo tengah malam dok.anak sakit demam tinggi tiba2 sedangkan kita drmh gak stok obat sirup lagi..itu gimana ya,yang bingung kalau tengah malam dok anak sakit demam tinggi tiba sedang drmh enggak stok obat sirup itu bagaimana
video3,Mantappp Dok,mantap dok
video3,Gmn dengan vitamin yg sirup dok....?,bagaimana vitamin yang sirup dok
video3,Pemerintah bisanya cuma perintah sementara penjual obat batuk sirup mana mau rugi lah mereka. Yg ada penjual menghabiskan stok dulu kecuali kalau pemerintah MAU ganti rugi.,perintah cuma perintah jual obat batuk sirup mana mau rugi lah yang jual habis stok dulu kalau perintah mau ganti rugi
video3,"Yaaaa tuhaaann,??kenapa negara ini begitu bertubi2 dr masalah dan hilangnya nyawa manusia ,,begitu pula hewan,ya tuhan,,8 tahun lamanya ya tuhan??? .",iya tuhaaann negara tubi dari masalah hilang nyawa manusia begitu pula hewan tuhan tahun lama tuhan
video3,"Dok  mau tanya kalo misal obat puyer, obat tablet, di gerus di campur madu gt boleh ga ya, krn klo cma puyer biasa di campur air suka muntah krn pahit trs klo di tablet dia ga bsa telen.",dok mau tanya kalau misal obat puyer obat tablet gerus campur madu begitu enggak karena kalo cuma puyer biasa campur air suka muntah karena pahit terus kalo tablet enggak bisa telen
video3,Warung ms di jual dok,warung masih jual dok
video3,"moga niat baik dr Lee gak ada plintir ,, sehat terus dok",semoga niat baik dari lee enggak plintir sehat terus dok
video3,"Tapi Dok, di dekat rumah saya ada minimarket kecil, mereka masih jual obat batuk anak,parasetamol sirup.",dok dekat rumah ada minimarket kecil masih jual obat batuk anak parasetamol sirup
video3,"Makasi dok, aku apoteker kerja di apotek jg, semangt terus buat kontennya",makas dok aku apoteker kerja apotek juga semangt terus buat konten
video3,ğŸ‡§ğŸ‡³5 yg dlarang tempat sya dom,yang dlarang tempat aku dom
video3,"berarti solusi nya cuma ke dokter dong ya
tapi semenjak covid jarang ada klinik 24 jam",arti solusi nya cuma dokter dong tapi semenjak covid jarang klinik jam
video3,dok vitamin curcumaplus.boleh gak y dok,dok vitamin curcumaplus enggak iya dok
video3,Pake kamera tersembunyi dok ğŸ˜€,pakai kamera sembunyi dok
video3,Kan dok jdi minta foto kn hehe SM dok nti sy klw ktmu dr.selfi jg ya dok hihihiğŸ™,kan dok jadi meminta foto kan he sama dok nanti aku kalau ketemu dari selfi juga dok hihihi
video3,Bangga banget sama dokter ricard,bangga banget sama dokter ricard
video3,keren pak dokter ğŸ¥°ğŸ’–,keren pak dokter
video3,Kalau udah banyak korban siapa yang bertanggung jawab,kalau sudah banyak korban siapa tanggung jawab
video3,Harusnya pki topi&kaca mata hitam dok...soalnya dokter kan viral jd banyak yg tau&kenal,pki topi kaca mata hitam dok soal dokter kan viral jadi banyak yang tahu kenal
video3,"Semangat dokter ku,,, 
Di luar masih banyak yg jual",semangat dokter ku luar banyak yang jual
video3,Kenal suara tau muka gak kenal nama ğŸ˜‚ğŸ˜‚ dr Boyke,kenal suara tahu muka enggak kenal nama dari boyke
video3,Kalau ngasih ijin nya bisa pake amplop ya begini jd semua kena..ampun negri ku tercinta ini harus ada dulu kejadian baru heboh..yg blm pasti pun di bikin goyang heboh..,kalau mengasih ijin nya pakai amplop begini jadi semua kena ampun negeri ku cinta harus dulu jadi baru heboh yang belum pun bikin goyang heboh
video3,"dok, gimana kalau anak yang lagi terapi kejang?? berbentuk sirup merk valproic acid , mohon jawab nya dok",dok bagaimana kalau anak lagi terapi kejang bentuk sirup merk valproic acid mohon jawab nya dok
video3,"Dok, mau tanya apakah ini hanya obat/vit cair produksi indo saja kah yg ditarik? Maksudnya apakah vit anak spt babys DHA atau nordic yg buatan LN masih aman digunakan dok.. soalnya setelah kejadian bbrapa produk ditarik, jadi agak was-was juga.",dok mau tanya ini obat vit cair produksi indonesia kah yang tarik maksud vit anak seperti babys dha nordic yang buat ln aman dok soal jadi bbrapa produk tarik jadi was was
video3,madu boleh gk,madu enggak
video3,"Artinya sengaja dibuat donk dok. Terus nanti ditawari penawarnya. Mafia ini.
Brani ga pemerintah tutup SJ produsennya. Titik",arti sengaja buat dong dok terus tawar tawar mafia berani enggak perintah tutup saja produsen titik
video3,"Dokter, tolong review obat Fomezipole yg katanya bisa jadi penawar gagal ginjal. Kok pemerintah ujug2 merekomendasikan obat ini. Waktunya juga cepet banget lagi.",dokter review obat fomezipole yang kata jadi tawar gagal ginjal kok perintah ujug rekomendasi obat waktu cepat banget
video3,Terima kasihh dok atas edukasi ny,terima kasihh dok atas edukasi nya
video3,"Seru nih kalo konten dokter bahas hal2 penting kek gini, bukan pelakor pargoy dllğŸ‘ 

Anyway dari vidio ini keliatan karyawan minimarket gak di edukasi sama atasan kenapa obat sirup ditarik. Taunya cuma stok lagi habis / udah gak jual, dll",seru ini kalau konten dokter bahas penting kayak gini bukan pelakor pargoy anyway vidio lihat karyawan minimarket enggak edukasi sama atas obat sirup tarik tahu cuma stok habis sudah enggak jual
video3,Hati hati ya dok takut nya,hati hati dok takut nya
video3,Auto beli mnyak angin c dokterğŸ˜‚,auto beli mnyak angin sih dokter
video3,Olshop masih banyak yang jual ğŸ˜‚,olshop banyak jual
video3,W8w82uw8wh3ue,wwuwwhue
video3,Antangin apa termasuk dok,antangin apa masuk dok
video3,"Review vitamin penambah nafsu makan anak dong dok, seperti curcuma plus, gizidat dll...
Plis dokğŸ™",review vitamin tambah nafsu makan anak dong dok curcuma plus gizidat plis dok
video3,"Woow mantap dokter lee, ssya bangga punya dokter seperti anda",wow mantap dokter lee ssya bangga punya dokter anda
video3,"Antangin boleh gk, itukan sirup",antangin enggak sirup
video3,"Ayo dok terus lah bernyanyi, karna jarang sekali dokter yg bernyanyi seperti dokter lee, sangat membantu  masyarakat menengah kebawah",ayo dok terus lah nyanyi karena jarang sekali dokter yang nyanyi dokter lee sangat bantu masyarakat tengah bawah
video3,"Dok tu apotek pertama ibu2 pd bingung liat2an hahahaha dpikiran mreka...ni lakik nyari obat sirup ga tau brita apa gmn, jgn2 tarzan balik kota ga tau info hahahaha...mukanya tu pd liat2an bingung, ga nahan dah",dok itu apotek pertama ibu pada bingung lihat hahahaha dpikiran mereka nih laki mencari obat sirup enggak tahu berita apa bagaimana jangan tarzan balik kota enggak tahu informasi hahahaha muka itu pada lihat bingung enggak menahan deh
video3,Tolak angin dewasa boleh di minum gak dok??,tolak angin dewasa di minum enggak dok
video3,Skincare hyden dok,skincare hyden dok
video3,Kesempatan eksis ya dok ini membantu org atau gm ya ğŸ˜,sempat eks dok bantu orang gm
video3,"TOLOOOOOONG!!! ğŸ¤£ğŸ¤£ğŸ¤£ğŸ¤£ğŸ¤£ğŸ¤£ğŸ¤£ğŸ¤£ğŸ¤£. He or she, but said TOLOOOOOOOOOONG ğŸ¤£ğŸ¤£ğŸ¤£ğŸ¤£ğŸ¤£ğŸ¤£Y",toloooooong he orang she but said toloooooooooong iya
video3,"ujungnya tiap mau obat batuk,demam,flu mesti konsul dl ke dokter",ujung tiap mau obat batuk demam flu mesti konsultasi dulu dokter
video3,Dok review cream maxie,dok review cream maxie
video3,Kalau berbahaya kok bpom diam,kalau bahaya kok bpom diam
video3,Joooosss keras terus nggaoyo .,joooosss keras terus nggaoyo
video3,Logikanya gini ya itu terjadi di luar negeri kenapa di indo yg jd heboh,logika gini itu jadi luar negeri di indonesia yang jadi heboh
video3,Dok mau tanya obat batuk herbal seperti Laserin gpp dok,dok mau tanya obat batuk herbal laserin enggak apa-apa dok
video3,Mantap bos,mantap bos
video3,Review serum safron,review serum safron
video3,Boykot aja kaya ny smua obat biar pemerintah pusing sndiri  kalau kita skit mnum obt penenang ajğŸ˜‚,boykot saja kayak nya semua obat biar perintah pusing sendiri kalau sakit mnum obt tenang saja
video3,Baru nonton 3 menit saya udah deg deg an hahahah takutnya nanti dokter kena masalah sama konten sensitif hahahaha mudah mudahan ngga.,baru menonton menit sudah deg deg an hahahah takut dokter kena masalah sama konten sensitif hahahaha mudah mudah enggak
video3,"Jadi bingung Lo dok ini anakku lagi panas biasanya sediaan di rumah sanmol dan tempra drops Syrup tentunya karna lebih praktis anak ga drama minumnya,jadi ini gmn donk ya AllahğŸ˜­",jadi bingung kamu dok anak panas biasa sedia rumah sanmol tempra drops syrup karena lebih praktis anak enggak drama minum jadi bagaimana dong allah
video3,Pen banget ktemu Dr.Richard.. Trs pen meluk.. Sambil bilang makasih dong atas semua edukasinya...,pengin banget ketemu dari richard terus pengin luk bilang terima kasih dong atas semua edukasi
video3,kalau para ibu2 dan anak2 muda cewek pastih tau dokter richad lee,kalau ibu anak muda cewek pastih tahu dokter richad lee
video3,"termo*ex si yg ga nyangka,obat dari jaman kibenen udah beredar.puluhan taun,ko bisa gitu loh.kaya waktu Abo*il,bisa dibilang itu obat segala umat sekian puluh tahun baru ditarik dri peredaran.kannn edyannn...",termo mantan sih yang enggak menyangka obat jaman kibenen sudah edar puluh tahun kok begitu loh kayak waktu abo il bilang obat segala umat sekian puluh tahun baru tarik dari edar kan edyannn
video3,NgeriÂ² sedap ini konten... Semoga dr ricard sehat selalu ya,seram sedap konten semoga dari ricard sehat selalu
video3,Tanya pake agent terus turun nya dari mobil apansa jangan alpard dok hehe,tanya pakai agent terus turun nya mobil apansa jangan alpard dok he
video3,"Kira, nya tuhan yesus memberkati 
dr Richard Leee BerLimpa -Limpa aamen ğŸ˜‡ğŸ˜‡",kira nya tuhan yesus kati dari richard leee limpa limpa aamen
video3,Jelas gagal dok... Mreka uda curiga dokter pasti orang dalam... Mknya mreka bilang gak di jual.. coba dok masyrakat biasa jadi kru dokter beli ke apotik dok... Kita liat reaksi apoteker nya dok,jelas gagal dok mereka sudah curiga dokter orang makanya mereka bilang enggak jual coba dok masyrakat biasa jadi kru dokter beli apotik dok lihat reaksi apoteker nya dok
video3,Saya yakinn dokter ini niat nyaa baik.  Tapi sebaik apa sehebat apa.  Ttp dok pasti klah.  Ujung ujung pemerintah mengucukan dana segar dok.   Dokter ini baik loh sy prnh bertemu,yakin dokter niat nya baik baik apa hebat apa tetap dok klah ujung ujung perintah ucu dana segar dok dokter baik loh aku pernah temu
video3,"HaLeLuya, puji tuhan dr adalah salah satu anak tuhan yeaus yg Berani suara kan kebenaran dan kejujuran ğŸ˜‡ aamen",haleluya puji tuhan dari salah satu anak tuhan yeaus yang berani suara kan benar jujur aamen
video3,"Sebelum bebicough di cekal anak saya uda pakai obat ini sekitar 15 th yg lalu dan aman2 aja. Kalau hari ini di cekal bpom kemana aja selama ini. 
Terpaparkopit dan vaksin harus di cek juga.",bebicough cegah tangkal anak sudah pakai obat sekitar tahu yang lalu aman saja kalau hari di cegah tangkal bpom mana saja lama terpaparkopit vaksin di cek
video3,Baik banget dr Ricard ğŸ¥°,baik banget dari ricard
video3,"sbg masyarakat awam yg bisa dilakukan : berdoa,, semoga tdk ada lagi balita yg wafat",sebagai masyarakat awam yang laku doa semoga tidak lagi balita yang wafat
video3,Dokter jual abat kuat hehehe,dokter jual abat kuat hehehe
video3,MANTAP Dok.....teruskan memberi paparan yang cerdas dan realistis....soalnya KEMENKES dan BPOM bisanya cuma ngasih Statement yang ga jelas dan berbelit...kayaknya nunggu korban dari Anak-anak  kita yang lebih banyak dulu baru bertindak...makanya kalo ga Ahli dbidadangnya lebih baik mengundurkan diri jadi MENTERI teruskan saja PENGUSAHA...KESEHATAN sama BISNIS  jauh banget bedanya boss...,mantap dok terus beri papar cerdas realistis soal kemenkes bpom cuma mengasih statement enggak jelas belit kayak menunggu korban anak anak yang lebih banyak dulu baru tindak makanya kalau enggak ahli dbidadangnya lebih baik undur diri jadi menteri terus usaha sehat sama bisnis jauh banget beda bos
video3,cb yg surveynya jgn dokter soalnya pst dikenalin... pst banyak ....,coba yang surveynya jangan dokter soal pasti dikenalin pasti banyak
video3,Dok review Produk Kahf pliz ğŸ—¿,dok review produk kahf pliz
video3,Yang lebih parah kenapa bisa lolos pasar dok ? ğŸ˜‚ğŸ˜‚ğŸ˜‚ indah ny negeriku heboh ny setelah ada konsumen yang mengkonsumsi ğŸ¤£,lebih parah bisa lolos pasar dok indah nya negeri heboh nya ada konsumen konsumsi
video3,Gmna GX di jual klo ank2 sakitnya tiba2 panas msa iya di biarkn aj kn.psti ttp trpaksa bli obat di aitu,bagaimana enggak jual kalo anak sakit tiba panas masa iya biarkn saja kan pasti tetap trpaksa beli obat aitu
video3,"Hati hati, konten sensitif",hati hati konten sensitif
video3,"Izin dr Lee,Kalau untuk obat yang di intruksi kan BPOM bagi saya setuju sekali ... tapi kalau Kemenkes maaf izin saya masih kurang sependapat ğŸ™ğŸ™ğŸ™ğŸ™..

Himbauan Kemenkes dipekarangan hanya Apotek untuk jual beli .kenapa swalayan Dan Market lain tidak di dibunyikan??ğŸ™ğŸ™ğŸ™",izin dari lee kalau obat intruksi kan bpom tuju sekali kalau kemenkes maaf izin aku masih kurang himbauan kemenkes pekarang apotek jual beli swalayan market tidak di bunyi
video3,"Aq jarang dan hampir gak pernah pke obat sirup, selain lama dan klo sdh dibuka resiko cpt kadaluarsa, andalan sllu obat puyer bs sesuai bbrp jumlah jenis obat utk kebutuhan dlm satu cekokan dan skrg anaknya udah bs nelen tablet",aku jarang hampir enggak pernah pakai obat sirup lama kalo sudah buka resiko cepat kadaluarsa andal selalu obat puyer bisa sesuai beberapa jumlah jenis obat untuk butuh dalam satu cekok sekarang anak sudah bisa nelen tablet
video3,Reaksi vaksin covid19 terhadap dua senyawa zat tsb.  kalau menurut sayağŸ™,reaksi vaksin covid hadap senyawa zat tersebut kalau turut
video3,Alfa Indomaret dkt rumah msh bnyk d jual sirup tuh bnyk di sini d Bogor,alfa indomaret dkt rumah masih banyak di jual sirup itu banyak sini di bogor
video3,Wakakakkakakk... apotek tuh pasti patuh..gak perlu pakai polisi seperti kenyataannya..,wakakakkakakk apotek itu patuh enggak perlu pakai polisi nyata
video3,"Saya juga punya anak laki umur 7 tahun 4 bulan,
waktu dia demam dulu saat balita dikasih Sanmol.
Sanmol termasuk parasetamol yg aman ga ya?",juga punya anak laki umur tahun bulan waktu demam dulu balita kasih sanmol sanmol masuk parasetamol yang aman enggak
video3,"Sorbitol juga? Brati Diabetasol juga
Banyak banget makanan dan minuman kemasan pake sorbitol",sorbitol brati diabetasol banyak banget makan minum kemas pakai sorbitol
video3,"Dok ini beritanya rame juga di wa bbrp hari terakhir,,rasanya miris, takut dan was2 ini.. gimana ini dok apa perlu kembali ke jamu2an n rempah2an kyk nenek moyang dulu dok?",dok berita ramai di wa beberapa hari akhir rasa miris takut was bagaimana dok apa perlu ke jamu dan rempah kayak nenek moyang dulu dok
video3,Semangat dokk,semangat dokk
video3,Toko obat kalo apotik mah nurut,toko obat kalau apotik mah nurut
video3,Kekeke lngsung kenal ğŸ¤£,kekeke langsung kenal
video3,"selamat siang dok, sukses selalu ya dok, salam dari kendal",selamat siang dok sukses selalu dok salam kendal
video3,Suara anda dok mudah dikenali ğŸ˜‚,suara dok mudah nali
video3,"Dok minum obat kok bisa nambah penyakit, penyakit mematikan lagi gimana ni dok",dok minum obat kok menambah sakit sakit mati bagaimana nih dok
video3,I'm hadiirrr dok ğŸ˜ğŸ˜ğŸ˜€ğŸ˜€ğŸ˜€,i sama hadiirrr dok
video3,Lanjut Parodi,lanjut parodi
video3,Richard Leeâ¤â¤â¤,richard lee
video3,Selamat Siang,selamat siang
video3,Richard Lee Hebat,richard lee hebat
video3,Review Baby Gold Cream sama Maxie dong Dok,review baby gold cream sama maxie dong dok
